id,name.local,name.en,name.slug,code.id,geo.lat,geo.lon
GW0903_abissatcha,Abissatcha,Abissatcha,abissatcha,GW0903_abissatcha,11.342,-15.263
GW0903_aiugo,Aiugo,Aiugo,aiugo,GW0903_aiugo,11.342,-15.263
GW0903_aman,Aman,Aman,aman,GW0903_aman,11.342,-15.263
GW0903_ambamca,Ambamca,Ambamca,ambamca,GW0903_ambamca,11.342,-15.263
GW0903_amro-amran,Amro (Amran),Amro (Amran),amro-amran,GW0903_amro-amran,11.342,-15.263
GW0903_areia,Areia,Areia,areia,GW0903_areia,11.283,-15.283
GW0903_badim,Badim,Badim,badim,GW0903_badim,11.342,-15.263
GW0903_baria-balanta,Baria Balanta,Baria Balanta,baria-balanta,GW0903_baria-balanta,11.342,-15.263
GW0903_baria-nulu-i,Baria Nulu I,Baria Nulu I,baria-nulu-i,GW0903_baria-nulu-i,11.342,-15.263
GW0903_baria-nulu-ii,Baria Nulu II,Baria Nulu II,baria-nulu-ii,GW0903_baria-nulu-ii,11.342,-15.263
GW0903_bocana-de-baixo-noro,Bocana de Baixo (Noro),Bocana de Baixo (Noro),bocana-de-baixo-noro,GW0903_bocana-de-baixo-noro,11.342,-15.263
GW0903_bocana-nova,Bocana Nova,Bocana Nova,bocana-nova,GW0903_bocana-nova,11.342,-15.263
GW0903_bolamazinho,Bolamazinho,Bolamazinho,bolamazinho,GW0903_bolamazinho,11.342,-15.263
GW0903_botche-bissa-i,Botche Bissa I,Botche Bissa I,botche-bissa-i,GW0903_botche-bissa-i,11.342,-15.263
GW0903_botche-bissa-ii-dando,Botche Bissa II (Dando),Botche Bissa II (Dando),botche-bissa-ii-dando,GW0903_botche-bissa-ii-dando,11.342,-15.263
GW0903_botche-bissa-iii-ponta-novo,Botche Bissa III (Ponta Novo),Botche Bissa III (Ponta Novo),botche-bissa-iii-ponta-novo,GW0903_botche-bissa-iii-ponta-novo,11.342,-15.263
GW0903_botcheminde,Botcheminde,Botcheminde,botcheminde,GW0903_botcheminde,11.342,-15.263
GW0903_braia,Braia,Braia,braia,GW0903_braia,11.317,-15.1
GW0903_cabaceira-quimpo,Cabaceira Quimpo,Cabaceira Quimpo,cabaceira-quimpo,GW0903_cabaceira-quimpo,11.342,-15.263
GW0903_cabanda,Cabanda,Cabanda,cabanda,GW0903_cabanda,11.342,-15.263
GW0903_cabelol-lante,Cabelol Lante,Cabelol Lante,cabelol-lante,GW0903_cabelol-lante,11.342,-15.263
GW0903_cabelol-nalu,Cabelol Nalu,Cabelol Nalu,cabelol-nalu,GW0903_cabelol-nalu,11.342,-15.263
GW0903_cabelol-nine,Cabelol Nine,Cabelol Nine,cabelol-nine,GW0903_cabelol-nine,11.342,-15.263
GW0903_cabumba-mato,Cabumba Mato,Cabumba Mato,cabumba-mato,GW0903_cabumba-mato,11.342,-15.263
GW0903_cacheque-catchak,Cacheque (Catchak),Cacheque (Catchak),cacheque-catchak,GW0903_cacheque-catchak,11.342,-15.263
GW0903_cado-sado,Cado Sado,Cado Sado,cado-sado,GW0903_cado-sado,11.342,-15.263
GW0903_cadumpa,Cadumpa,Cadumpa,cadumpa,GW0903_cadumpa,11.342,-15.263
GW0903_caja-catche-balanta,Caja (Catche Balanta),Caja (Catche Balanta),caja-catche-balanta,GW0903_caja-catche-balanta,11.342,-15.263
GW0903_calema-nalu,Calema Nalu,Calema Nalu,calema-nalu,GW0903_calema-nalu,11.342,-15.263
GW0903_caliu-porto,Caliu Porto,Caliu Porto,caliu-porto,GW0903_caliu-porto,11.342,-15.263
GW0903_caliu-sanha,Caliu Sanha,Caliu Sanha,caliu-sanha,GW0903_caliu-sanha,11.342,-15.263
GW0903_caliu-tchanga,Caliu Tchanga,Caliu Tchanga,caliu-tchanga,GW0903_caliu-tchanga,11.342,-15.263
GW0903_camassapa,Camassapa,Camassapa,camassapa,GW0903_camassapa,11.342,-15.263
GW0903_camaupa,Camaupa,Camaupa,camaupa,GW0903_camaupa,11.342,-15.263
GW0903_cametedem,Cametedem,Cametedem,cametedem,GW0903_cametedem,11.342,-15.263
GW0903_camiozinho,Camiozinho,Camiozinho,camiozinho,GW0903_camiozinho,11.342,-15.263
GW0903_camuio,Camuio,Camuio,camuio,GW0903_camuio,11.342,-15.263
GW0903_candjola-nalu,Candjola Nalu,Candjola Nalu,candjola-nalu,GW0903_candjola-nalu,11.342,-15.263
GW0903_cangalia,Cangalia,Cangalia,cangalia,GW0903_cangalia,11.342,-15.263
GW0903_canjola-porto,Canjola Porto,Canjola Porto,canjola-porto,GW0903_canjola-porto,11.342,-15.263
GW0903_cantone,Cantone,Cantone,cantone,GW0903_cantone,11.267,-15.183
GW0903_catchanga,Catchanga,Catchanga,catchanga,GW0903_catchanga,11.342,-15.263
GW0903_catiozinho,Catiozinho,Catiozinho,catiozinho,GW0903_catiozinho,11.342,-15.263
GW0903_catunco,Catunco,Catunco,catunco,GW0903_catunco,11.033,-14.983
GW0903_catussame,Catussame,Catussame,catussame,GW0903_catussame,11.342,-15.263
GW0903_chugue,Chugue,Chugue,chugue,GW0903_chugue,11.417,-15.117
GW0903_chunguezinho,Chunguezinho,Chunguezinho,chunguezinho,GW0903_chunguezinho,11.342,-15.263
GW0903_cidade-de-catio-bairrio-catio-fula,Cidade de Catio Bairrio Catio Fula,Cidade de Catio Bairrio Catio Fula,cidade-de-catio-bairrio-catio-fula,GW0903_cidade-de-catio-bairrio-catio-fula,11.342,-15.263
GW0903_cidade-de-catio-bairro-amedalai,Cidade de Catio Bairro Amedalai,Cidade de Catio Bairro Amedalai,cidade-de-catio-bairro-amedalai,GW0903_cidade-de-catio-bairro-amedalai,11.342,-15.263
GW0903_cidade-de-catio-bairro-biangha,Cidade de Catio Bairro Biangha,Cidade de Catio Bairro Biangha,cidade-de-catio-bairro-biangha,GW0903_cidade-de-catio-bairro-biangha,11.342,-15.263
GW0903_cidade-de-catio-bairro-catio-balanta,Cidade de Catio Bairro Catio Balanta,Cidade de Catio Bairro Catio Balanta,cidade-de-catio-bairro-catio-balanta,GW0903_cidade-de-catio-bairro-catio-balanta,11.342,-15.263
GW0903_cidade-de-catio-bairro-catio-vila,Cidade de Catio Bairro Catio Vila,Cidade de Catio Bairro Catio Vila,cidade-de-catio-bairro-catio-vila,GW0903_cidade-de-catio-bairro-catio-vila,11.342,-15.263
GW0903_cidade-de-catio-bairro-ga-palmeira,Cidade de Catio Bairro Ga-Palmeira,Cidade de Catio Bairro Ga-Palmeira,cidade-de-catio-bairro-ga-palmeira,GW0903_cidade-de-catio-bairro-ga-palmeira,11.342,-15.263
GW0903_cidade-de-catio-bairro-sao-bento,Cidade de Catio Bairro Sao Bento,Cidade de Catio Bairro Sao Bento,cidade-de-catio-bairro-sao-bento,GW0903_cidade-de-catio-bairro-sao-bento,11.342,-15.263
GW0903_cidade-de-catio-barrio-piriame,Cidade de Catio Barrio Piriame,Cidade de Catio Barrio Piriame,cidade-de-catio-barrio-piriame,GW0903_cidade-de-catio-barrio-piriame,11.342,-15.263
GW0903_cobone,Cobone,Cobone,cobone,GW0903_cobone,11.342,-15.263
GW0903_cubaque,Cubaque,Cubaque,cubaque,GW0903_cubaque,11.317,-15.233
GW0903_cubumba-loja,Cubumba Loja,Cubumba Loja,cubumba-loja,GW0903_cubumba-loja,11.342,-15.263
GW0903_cuduco,Cuduco,Cuduco,cuduco,GW0903_cuduco,11.342,-15.263
GW0903_cufar,Cufar,Cufar,cufar,GW0903_cufar,12.043,-15.304
GW0903_cumebu,Cumebu,Cumebu,cumebu,GW0903_cumebu,11.342,-15.263
GW0903_dual,Dual,Dual,dual,GW0903_dual,11.342,-15.263
GW0903_fubugur,Fubugur,Fubugur,fubugur,GW0903_fubugur,11.342,-15.263
GW0903_ga-bana,Ga Bana,Ga Bana,ga-bana,GW0903_ga-bana,11.342,-15.263
GW0903_ga-beafada,Ga-Beafada,Ga-Beafada,ga-beafada,GW0903_ga-beafada,11.342,-15.263
GW0903_gambia,Gambia,Gambia,gambia,GW0903_gambia,12.056,-15.417
GW0903_gandua-balanta-porto,Gandua Balanta Porto,Gandua Balanta Porto,gandua-balanta-porto,GW0903_gandua-balanta-porto,11.342,-15.263
GW0903_gandua-beafada,Gandua Beafada,Gandua Beafada,gandua-beafada,GW0903_gandua-beafada,11.342,-15.263
GW0903_gandua-nalu,Gandua Nalu,Gandua Nalu,gandua-nalu,GW0903_gandua-nalu,11.45,-15.183
GW0903_gansala,Gansala,Gansala,gansala,GW0903_gansala,11.342,-15.263
GW0903_gantchama,Gantchama,Gantchama,gantchama,GW0903_gantchama,11.342,-15.263
GW0903_gantonaz,Gantonaz,Gantonaz,gantonaz,GW0903_gantonaz,11.342,-15.263
GW0903_gantun,Gantun,Gantun,gantun,GW0903_gantun,11.342,-15.263
GW0903_gebazinho,Gebazinho,Gebazinho,gebazinho,GW0903_gebazinho,11.342,-15.263
GW0903_ilheu-colbert-balanta,Ilheu Colbert Balanta,Ilheu Colbert Balanta,ilheu-colbert-balanta,GW0903_ilheu-colbert-balanta,11.342,-15.263
GW0903_ilheu-de-colbert-papel,Ilheu de Colbert Papel,Ilheu de Colbert Papel,ilheu-de-colbert-papel,GW0903_ilheu-de-colbert-papel,11.342,-15.263
GW0903_ilheu-de-cote,Ilheu de Cote,Ilheu de Cote,ilheu-de-cote,GW0903_ilheu-de-cote,11.3,-15.317
GW0903_ilheu-de-infanda,Ilheu de Infanda,Ilheu de Infanda,ilheu-de-infanda,GW0903_ilheu-de-infanda,11.342,-15.263
GW0903_impumgueda,Impumgueda,Impumgueda,impumgueda,GW0903_impumgueda,11.342,-15.263
GW0903_incomene,Incomene,Incomene,incomene,GW0903_incomene,11.342,-15.263
GW0903_intchina,Intchina,Intchina,intchina,GW0903_intchina,11.342,-15.263
GW0903_iusse,Iusse,Iusse,iusse,GW0903_iusse,11.767,-15.383
GW0903_madina,Madina,Madina,madina,GW0903_madina,12.067,-14.717
GW0903_mansane,Mansane,Mansane,mansane,GW0903_mansane,11.342,-15.263
GW0903_mato-faroba,Mato Faroba,Mato Faroba,mato-faroba,GW0903_mato-faroba,11.342,-15.263
GW0903_nhole-ponta-albino-djibato-djata,Nhole (ponta Albino Djibato Djata),Nhole (ponta Albino Djibato Djata),nhole-ponta-albino-djibato-djata,GW0903_nhole-ponta-albino-djibato-djata,11.342,-15.263
GW0903_oranga,Oranga,Oranga,oranga,GW0903_oranga,11.342,-15.263
GW0903_ponta-antonio-ca,Ponta Antonio Ca,Ponta Antonio Ca,ponta-antonio-ca,GW0903_ponta-antonio-ca,11.342,-15.263
GW0903_ponta-jaime-gomes,Ponta Jaime Gomes,Ponta Jaime Gomes,ponta-jaime-gomes,GW0903_ponta-jaime-gomes,11.342,-15.263
GW0903_ponta-joao-cabila-djata,Ponta Joao Cabila Djata,Ponta Joao Cabila Djata,ponta-joao-cabila-djata,GW0903_ponta-joao-cabila-djata,11.342,-15.263
GW0903_ponta-ndungue,Ponta N'Dungue,Ponta N'Dungue,ponta-ndungue,GW0903_ponta-ndungue,11.342,-15.263
GW0903_ponta-nandigna,Ponta Nandigna,Ponta Nandigna,ponta-nandigna,GW0903_ponta-nandigna,11.342,-15.263
GW0903_pungha,Pungha,Pungha,pungha,GW0903_pungha,11.342,-15.263
GW0903_quiasse,Quiasse,Quiasse,quiasse,GW0903_quiasse,11.4,-15.267
GW0903_quibil,Quibil,Quibil,quibil,GW0903_quibil,11.267,-15.233
GW0903_quitafine,Quitafine,Quitafine,quitafine,GW0903_quitafine,11.342,-15.263
GW0903_rossum,Rossum,Rossum,rossum,GW0903_rossum,11.383,-15.25
GW0903_santana,Santana,Santana,santana,GW0903_santana,11.342,-15.263
GW0903_sao-gorge,Sao Gorge,Sao Gorge,sao-gorge,GW0903_sao-gorge,11.342,-15.263
GW0903_sao-mouses,Sao Mouses,Sao Mouses,sao-mouses,GW0903_sao-mouses,11.342,-15.263
GW0903_sintcha-corca,Sintcha Corca,Sintcha Corca,sintcha-corca,GW0903_sintcha-corca,11.342,-15.263
GW0903_sua,Sua,Sua,sua,GW0903_sua,11.267,-15.267
GW0903_subida-jon-cabral,Subida Jon Cabral,Subida Jon Cabral,subida-jon-cabral,GW0903_subida-jon-cabral,11.342,-15.263
GW0903_tambacunda,Tambacunda,Tambacunda,tambacunda,GW0903_tambacunda,11.342,-15.263
GW0903_timbo,Timbo,Timbo,timbo,GW0903_timbo,11.417,-15.183
